{"age":{"bundle":"age/middle.bundle"},"nose":{"bundle":"nose/B_002.bundle"},"earring_r":{"bundle":"earring_r/S_005_R.bundle"},"lipstuds":{"bundle":"lipstuds/I_004.bundle"},"earring_l":{"bundle":"earring_l/S_005_L.bundle"},"eyelash":{"bundle":"eyelash/J_009.bundle"},"head":{"bundle":"head/oppo_face_mid.bundle"},"eye":{"bundle":"eye/Y_003.bundle"},"glasses":{"bundle":"glasses/G_008.bundle"},"face":{"bundle":"face/L_002.bundle"},"hair":{"bundle":"hair/F_048.bundle"},"mouth":{"bundle":"mouth/Z_009.bundle"},"brow":{"bundle":"brow/M_006.bundle"},"ear":{"bundle":"ear/E_003.bundle"},"liplash":{"bundle":"beauty/oppo_liplash.bundle"},"lip_color":{"r":115.30000004917383,"g":57.700000055134296,"b":51.60000005364418,"a":255,"intensity":0.05000000074505806,"isAttachColor":false,"left":[112,54,48,255],"mid":[145,91,84,255],"right":[173,126,116,255],"parentColorIndex":-1,"emptyColorPosition":-1,"sync_lerp":false},"earring_color_R":{"r":230,"g":217,"b":217,"a":255,"intensity":1,"isAttachColor":false,"left":[120,117,114,255],"mid":[190,181,181,255],"right":[230,217,217,255],"parentColorIndex":-1,"emptyColorPosition":-1,"sync_lerp":false},"hair_ribbon_color":{"r":164.35999983549118,"g":27.119999945163727,"b":8.35999995470047,"a":255,"intensity":0.2199999988079071,"isAttachColor":false,"left":[134,17,0,255],"mid":[203,40,19,255],"right":[232,80,61,255],"parentColorIndex":-1,"emptyColorPosition":-1,"sync_lerp":false},"skin_color":{"r":201.8400001525879,"g":154.3600001335144,"b":137.24000024795532,"a":255,"intensity":0.7400000095367432,"isAttachColor":false,"left":[198,158,131,255],"mid":[198,151,131,255],"right":[206,158,144,255],"parentColorIndex":-1,"emptyColorPosition":-1,"sync_lerp":false,"sync":{"lip_color":{"r":181.92000007629395,"g":129.6800000667572,"b":113.62000012397766,"a":255,"intensity":0.5,"isAttachColor":true,"left":[162,105,90,255],"mid":[181.92000007629395,129.6800000667572,113.62000012397766,255],"right":[201.8400001525879,154.3600001335144,137.24000024795532,255],"parentColorIndex":2,"emptyColorPosition":1,"sync_lerp":false}}},"glass_color":{"r":215,"g":26,"b":26,"a":199.39999878406525,"intensity":0.15000000596046448,"isAttachColor":false,"left":[215,26,26,230],"mid":[215,26,26,128],"right":[215,26,26,26],"parentColorIndex":-1,"emptyColorPosition":-1,"sync_lerp":false},"labret_color":{"r":230,"g":217,"b":217,"a":255,"intensity":1,"isAttachColor":false,"left":[120,117,114,255],"mid":[190,181,181,255],"right":[230,217,217,255],"parentColorIndex":-1,"emptyColorPosition":-1,"sync_lerp":false},"glass_frame_color":{"r":56.40000104904175,"g":55.720001101493835,"b":55.720001101493835,"a":255,"intensity":0.33000001311302185,"isAttachColor":false,"left":[30,28,28,255],"mid":[70,70,70,255],"right":[114,114,114,255],"parentColorIndex":-1,"emptyColorPosition":-1,"sync_lerp":false},"eyebrow_color":{"r":70,"g":70,"b":70,"a":255,"intensity":0.5,"isAttachColor":true,"left":[54,54,54,255],"mid":[70,70,70,255],"right":[92,90,90,255],"parentColorIndex":-1,"emptyColorPosition":-1,"sync_lerp":true,"parent":{"r":70,"g":70,"b":70,"a":255,"intensity":0.5,"isAttachColor":false,"left":[54,54,54,255],"mid":[70,70,70,255],"right":[92,90,90,255],"parentColorIndex":-1,"emptyColorPosition":-1,"sync_lerp":false}},"hat_color":{"r":70,"g":70,"b":70,"a":255,"intensity":0.5,"isAttachColor":false,"left":[30,28,28,255],"mid":[70,70,70,255],"right":[114,114,114,255],"parentColorIndex":-1,"emptyColorPosition":-1,"sync_lerp":false},"earring_color_L":{"r":230,"g":217,"b":217,"a":255,"intensity":1,"isAttachColor":false,"left":[120,117,114,255],"mid":[190,181,181,255],"right":[230,217,217,255],"parentColorIndex":-1,"emptyColorPosition":-1,"sync_lerp":false},"hair_color":{"r":70,"g":70,"b":70,"a":255,"intensity":0.5,"isAttachColor":false,"left":[54,54,54,255],"mid":[70,70,70,255],"right":[92,90,90,255],"parentColorIndex":-1,"emptyColorPosition":-1,"sync_lerp":false,"sync":{"eyebrow_color":{"r":70,"g":70,"b":70,"a":255,"intensity":0.5,"isAttachColor":true,"left":[54,54,54,255],"mid":[70,70,70,255],"right":[92,90,90,255],"parentColorIndex":-1,"emptyColorPosition":-1,"sync_lerp":true},"beard_color":{"r":70,"g":70,"b":70,"a":255,"intensity":0.5,"isAttachColor":true,"left":[54,54,54,255],"mid":[70,70,70,255],"right":[92,90,90,255],"parentColorIndex":-1,"emptyColorPosition":-1,"sync_lerp":true}}},"iris_color":{"r":104.40000200271606,"g":104.40000200271606,"b":104.40000200271606,"a":255,"intensity":0.36000001430511475,"isAttachColor":false,"left":[54,54,54,255],"mid":[124,124,124,255],"right":[190,190,190,255],"parentColorIndex":-1,"emptyColorPosition":-1,"sync_lerp":false},"beard_color":{"r":70,"g":70,"b":70,"a":255,"intensity":0.5,"isAttachColor":true,"left":[54,54,54,255],"mid":[70,70,70,255],"right":[92,90,90,255],"parentColorIndex":-1,"emptyColorPosition":-1,"sync_lerp":true,"parent":{"r":70,"g":70,"b":70,"a":255,"intensity":0.5,"isAttachColor":false,"left":[54,54,54,255],"mid":[70,70,70,255],"right":[92,90,90,255],"parentColorIndex":-1,"emptyColorPosition":-1,"sync_lerp":false}}}