{"age":{"bundle":"age/middle.bundle"},"nose":{"bundle":"nose/B_002.bundle"},"lipstuds":{"bundle":"lipstuds/I_003.bundle"},"earring_l":{"bundle":"earring_l/S_007_L.bundle"},"eyelash":{"bundle":"eyelash/J_009.bundle"},"head":{"bundle":"head/oppo_face_mid.bundle"},"eye":{"bundle":"eye/Y_006.bundle"},"glasses":{"bundle":"glasses/G_012.bundle"},"face":{"bundle":"face/L_002.bundle"},"hair":{"bundle":"hair/F_054.bundle"},"mouth":{"bundle":"mouth/Z_009.bundle"},"brow":{"bundle":"brow/M_006.bundle"},"ear":{"bundle":"ear/E_002.bundle"},"liplash":{"bundle":"beauty/oppo_liplash.bundle"},"lip_color":{"r":64.73279967279434,"g":33.50199978876114,"b":83.81079962058067,"a":255,"intensity":0.1899999976158142,"isAttachColor":true,"left":[44,21,60,255],"mid":[98.55999982357025,53.89999985694885,122.65999978780746,255],"right":[153.1199996471405,86.7999997138977,185.31999957561493,255],"parentColorIndex":2,"emptyColorPosition":1,"sync_lerp":false,"parent":{"r":153.1199996471405,"g":86.7999997138977,"b":185.31999957561493,"a":255,"intensity":0.9399999976158142,"isAttachColor":false,"left":[55,7,71,255],"mid":[88,34,107,255],"right":[162,94,196,255],"parentColorIndex":-1,"emptyColorPosition":-1,"sync_lerp":false}},"earring_color_R":{"r":43,"g":34,"b":34,"a":255,"intensity":0.5,"isAttachColor":false,"left":[30,28,28,255],"mid":[43,34,34,255],"right":[53,43,43,255],"parentColorIndex":-1,"emptyColorPosition":-1,"sync_lerp":false},"hair_ribbon_color":{"r":190,"g":181,"b":181,"a":255,"intensity":0.5,"isAttachColor":false,"left":[120,117,114,255],"mid":[190,181,181,255],"right":[230,217,217,255],"parentColorIndex":-1,"emptyColorPosition":-1,"sync_lerp":false},"skin_color":{"r":153.1199996471405,"g":86.7999997138977,"b":185.31999957561493,"a":255,"intensity":0.9399999976158142,"isAttachColor":false,"left":[55,7,71,255],"mid":[88,34,107,255],"right":[162,94,196,255],"parentColorIndex":-1,"emptyColorPosition":-1,"sync_lerp":false,"sync":{"lip_color":{"r":98.55999982357025,"g":53.89999985694885,"b":122.65999978780746,"a":255,"intensity":0.5,"isAttachColor":true,"left":[44,21,60,255],"mid":[98.55999982357025,53.89999985694885,122.65999978780746,255],"right":[153.1199996471405,86.7999997138977,185.31999957561493,255],"parentColorIndex":2,"emptyColorPosition":1,"sync_lerp":false}}},"glass_color":{"r":79,"g":255,"b":16,"a":166.7599995136261,"intensity":0.3100000023841858,"isAttachColor":false,"left":[79,255,16,230],"mid":[79,255,16,128],"right":[79,255,16,26],"parentColorIndex":-1,"emptyColorPosition":-1,"sync_lerp":false},"labret_color":{"r":230,"g":217,"b":217,"a":255,"intensity":1,"isAttachColor":false,"left":[120,117,114,255],"mid":[190,181,181,255],"right":[230,217,217,255],"parentColorIndex":-1,"emptyColorPosition":-1,"sync_lerp":false},"glass_frame_color":{"r":70,"g":70,"b":70,"a":255,"intensity":0.5,"isAttachColor":false,"left":[54,54,54,255],"mid":[70,70,70,255],"right":[92,90,90,255],"parentColorIndex":-1,"emptyColorPosition":-1,"sync_lerp":false},"eyebrow_color":{"r":93,"g":59,"b":130,"a":255,"intensity":0,"isAttachColor":false,"left":[93,59,130,255],"mid":[133,97,177,255],"right":[185,135,197,255],"parentColorIndex":-1,"emptyColorPosition":-1,"sync_lerp":false},"hat_color":{"r":70,"g":70,"b":70,"a":255,"intensity":0.5,"isAttachColor":false,"left":[30,28,28,255],"mid":[70,70,70,255],"right":[114,114,114,255],"parentColorIndex":-1,"emptyColorPosition":-1,"sync_lerp":false},"earring_color_L":{"r":139,"g":200,"b":40,"a":255,"intensity":0.5,"isAttachColor":false,"left":[70,102,19,255],"mid":[139,200,40,255],"right":[215,255,152,255],"parentColorIndex":-1,"emptyColorPosition":-1,"sync_lerp":false},"hair_color":{"r":230,"g":217,"b":217,"a":255,"intensity":1,"isAttachColor":false,"left":[120,117,114,255],"mid":[190,181,181,255],"right":[230,217,217,255],"parentColorIndex":-1,"emptyColorPosition":-1,"sync_lerp":false,"sync":{"eyebrow_color":{"r":190,"g":181,"b":181,"a":255,"intensity":0.5,"isAttachColor":true,"left":[120,117,114,255],"mid":[190,181,181,255],"right":[230,217,217,255],"parentColorIndex":-1,"emptyColorPosition":-1,"sync_lerp":true},"beard_color":{"r":190,"g":181,"b":181,"a":255,"intensity":0.5,"isAttachColor":true,"left":[120,117,114,255],"mid":[190,181,181,255],"right":[230,217,217,255],"parentColorIndex":-1,"emptyColorPosition":-1,"sync_lerp":true}}},"iris_color":{"r":100,"g":80,"b":63,"a":255,"intensity":0.5,"isAttachColor":false,"left":[79,61,52,255],"mid":[100,80,63,255],"right":[136,114,103,255],"parentColorIndex":-1,"emptyColorPosition":-1,"sync_lerp":false},"beard_color":{"r":190,"g":181,"b":181,"a":255,"intensity":0.5,"isAttachColor":true,"left":[120,117,114,255],"mid":[190,181,181,255],"right":[230,217,217,255],"parentColorIndex":-1,"emptyColorPosition":-1,"sync_lerp":true,"parent":{"r":230,"g":217,"b":217,"a":255,"intensity":1,"isAttachColor":false,"left":[120,117,114,255],"mid":[190,181,181,255],"right":[230,217,217,255],"parentColorIndex":-1,"emptyColorPosition":-1,"sync_lerp":false}}}